pos_weight,min_samples_leaf,max_features,threshold_strategy,threshold,fs_accuracy,fs_balanced_accuracy,test_accuracy,test_balanced_accuracy,test_confusion_matrix
0.8,12,0.25,default,0.5,0.6338709677419355,0.6376263238742017,0.8426799007444169,0.853763440860215,"[[770, 315], [2, 928]]"
0.8,12,0.25,fs_accuracy,0.5074228506109733,0.6358064516129033,0.6391624221844935,0.8466501240694789,0.8572964669738863,"[[780, 305], [4, 926]]"
0.8,12,0.25,fs_balanced,0.4770122531219181,0.6343548387096775,0.6395262349421942,0.8307692307692308,0.8427803379416283,"[[745, 340], [1, 929]]"
0.35,10,0.6,default,0.5,0.6333870967741936,0.6334788584364137,0.8610421836228288,0.8669738863287251,"[[857, 228], [52, 878]]"
0.35,10,0.6,fs_accuracy,0.45697580884285566,0.6419354838709678,0.6443043091599967,0.8481389578163772,0.8572964669738863,"[[801, 284], [22, 908]]"
0.35,10,0.6,fs_balanced,0.44716876632715696,0.6414516129032258,0.6444255800792303,0.8431761786600497,0.8529953917050691,"[[787, 298], [18, 912]]"
0.65,6,0.4,default,0.5,0.6369354838709678,0.6405287412078584,0.8406947890818859,0.8510752688172043,"[[777, 308], [13, 917]]"
0.65,6,0.4,fs_accuracy,0.49678793931053034,0.6370967741935484,0.6408602150537634,0.8377171215880893,0.8483102918586789,"[[771, 314], [13, 917]]"
0.65,6,0.4,fs_balanced,0.47846067252816255,0.6366129032258064,0.6413857223704422,0.8253101736972704,0.8370199692780338,"[[743, 342], [10, 920]]"
0.8,4,0.25,default,0.5,0.6345161290322581,0.6390815749050045,0.8307692307692308,0.8423963133640553,"[[750, 335], [6, 924]]"
0.8,4,0.25,fs_accuracy,0.5062302581426356,0.6361290322580645,0.6402942840973401,0.8347394540942928,0.8459293394777265,"[[760, 325], [8, 922]]"
0.8,4,0.25,fs_balanced,0.5062302581426356,0.6361290322580645,0.6402942840973401,0.8347394540942928,0.8459293394777265,"[[760, 325], [8, 922]]"
0.55,6,sqrt,default,0.5,0.635483870967742,0.6375939849624059,0.8521091811414392,0.8626728110599078,"[[787, 298], [0, 930]]"
0.55,6,sqrt,fs_accuracy,0.475432883324139,0.6362903225806451,0.6398496240601503,0.8397022332506203,0.851152073732719,"[[762, 323], [0, 930]]"
0.55,6,sqrt,fs_balanced,0.4716317080684951,0.6361290322580645,0.6398900476998949,0.8372208436724565,0.8488479262672811,"[[757, 328], [0, 930]]"
0.35,8,sqrt,default,0.5,0.6261290322580645,0.624642250788261,0.8734491315136477,0.8804147465437788,"[[857, 228], [27, 903]]"
0.35,8,sqrt,fs_accuracy,0.4190682165680985,0.6377419354838709,0.6411027568922305,0.8406947890818859,0.8520737327188941,"[[764, 321], [0, 930]]"
0.35,8,sqrt,fs_balanced,0.3957783386784438,0.6370967741935484,0.6416686878486539,0.8233250620347394,0.8359447004608295,"[[729, 356], [0, 930]]"
1.0,8,sqrt,default,0.5,0.6303225806451613,0.6356859891664646,0.824317617866005,0.8368663594470046,"[[731, 354], [0, 930]]"
1.0,8,sqrt,fs_accuracy,0.5331131937140504,0.6345161290322581,0.6378688657126688,0.8481389578163772,0.8589861751152074,"[[779, 306], [0, 930]]"
1.0,8,sqrt,fs_balanced,0.5254533584230786,0.6341935483870967,0.6379497129921579,0.8421836228287841,0.8534562211981567,"[[767, 318], [0, 930]]"
0.55,10,0.25,default,0.5,0.637258064516129,0.6391543374565446,0.8560794044665012,0.8653609831029185,"[[808, 277], [13, 917]]"
0.55,10,0.25,fs_accuracy,0.4912540381886717,0.6383870967741936,0.6407470288624788,0.852605459057072,0.8625192012288787,"[[796, 289], [8, 922]]"
0.55,10,0.25,fs_balanced,0.4679175831421318,0.6382258064516129,0.6417899587678875,0.8431761786600497,0.8541474654377881,"[[772, 313], [3, 927]]"
0.55,10,0.4,default,0.5,0.6370967741935484,0.6391139138168,0.8511166253101737,0.8600614439324117,"[[807, 278], [22, 908]]"
0.55,10,0.4,fs_accuracy,0.4575896686465707,0.6398387096774194,0.6442153771525588,0.8307692307692308,0.8424731182795699,"[[749, 336], [5, 925]]"
0.55,10,0.4,fs_balanced,0.4575896686465707,0.6398387096774194,0.6442153771525588,0.8307692307692308,0.8424731182795699,"[[749, 336], [5, 925]]"
0.35,10,0.4,default,0.5,0.6353225806451613,0.6350796345702967,0.8595533498759306,0.8658986175115208,"[[850, 235], [48, 882]]"
0.35,10,0.4,fs_accuracy,0.4457105118973295,0.6412903225806451,0.6440617673215296,0.8431761786600497,0.8536866359447004,"[[778, 307], [9, 921]]"
0.35,10,0.4,fs_balanced,0.4457105118973295,0.6412903225806451,0.6440617673215296,0.8431761786600497,0.8536866359447004,"[[778, 307], [9, 921]]"
0.55,4,0.6,default,0.5,0.636774193548387,0.6405691648476028,0.8397022332506203,0.8497695852534561,"[[780, 305], [18, 912]]"
0.55,4,0.6,fs_accuracy,0.5291459129438337,0.6390322580645161,0.6413938070983911,0.850620347394541,0.8589093701996928,"[[815, 270], [31, 899]]"
0.55,4,0.6,fs_balanced,0.5033731078483183,0.6385483870967742,0.6421133478858436,0.8411910669975186,0.8510752688172043,"[[784, 301], [19, 911]]"
0.65,5,0.4,default,0.5,0.6382258064516129,0.6418222976796831,0.8347394540942928,0.8452380952380952,"[[769, 316], [17, 913]]"
0.65,5,0.4,fs_accuracy,0.48956405208606013,0.6383870967741936,0.6425580079230333,0.8297766749379653,0.840937019969278,"[[755, 330], [13, 917]]"
0.65,5,0.4,fs_balanced,0.48956405208606013,0.6383870967741936,0.6425580079230333,0.8297766749379653,0.840937019969278,"[[755, 330], [13, 917]]"
0.65,12,0.4,default,0.5,0.6369354838709678,0.6395909127657855,0.8471464019851117,0.8565284178187405,"[[797, 288], [20, 910]]"
0.65,12,0.4,fs_accuracy,0.4749515627287584,0.6369354838709678,0.6409006386935079,0.8332506203473945,0.8444700460829493,"[[758, 327], [9, 921]]"
0.65,12,0.4,fs_balanced,0.4749515627287584,0.6369354838709678,0.6409006386935079,0.8332506203473945,0.8444700460829493,"[[758, 327], [9, 921]]"
1.0,8,0.25,default,0.5,0.63,0.6353302611367128,0.8297766749379653,0.8417818740399385,"[[744, 341], [2, 928]]"
1.0,8,0.25,fs_accuracy,0.5309871220749948,0.635483870967742,0.6388390330665372,0.8426799007444169,0.853225806451613,"[[777, 308], [9, 921]]"
1.0,8,0.25,fs_balanced,0.5194566088522868,0.6348387096774194,0.6390007276255154,0.8382133995037221,0.8493087557603687,"[[765, 320], [6, 924]]"
0.8,5,sqrt,default,0.5,0.6329032258064516,0.636834020535209,0.8342431761786601,0.8460829493087558,"[[751, 334], [0, 930]]"
0.8,5,sqrt,fs_accuracy,0.50350058099833,0.6332258064516129,0.6369795456382893,0.8382133995037221,0.8497695852534561,"[[759, 326], [0, 930]]"
0.8,5,sqrt,fs_balanced,0.50350058099833,0.6332258064516129,0.6369795456382893,0.8382133995037221,0.8497695852534561,"[[759, 326], [0, 930]]"
0.55,10,sqrt,default,0.5,0.6296774193548387,0.630560271646859,0.8630272952853598,0.872657450076805,"[[811, 274], [2, 928]]"
0.55,10,sqrt,fs_accuracy,0.46272726532976627,0.636774193548387,0.6399385560675883,0.8446650124069479,0.8557603686635944,"[[772, 313], [0, 930]]"
0.55,10,sqrt,fs_balanced,0.46272726532976627,0.636774193548387,0.6399385560675883,0.8446650124069479,0.8557603686635944,"[[772, 313], [0, 930]]"
0.45,4,0.6,default,0.5,0.6383870967741936,0.641652518392756,0.8431761786600497,0.8531490015360983,"[[785, 300], [16, 914]]"
0.45,4,0.6,fs_accuracy,0.5096950488028903,0.6396774193548387,0.6424448217317487,0.8446650124069479,0.8541474654377881,"[[793, 292], [21, 909]]"
0.45,4,0.6,fs_balanced,0.505465860671865,0.6395161290322581,0.6424852453714933,0.8446650124069479,0.8543778801843318,"[[790, 295], [18, 912]]"
0.55,12,0.25,default,0.5,0.6375806451612903,0.6391381680006467,0.8531017369727047,0.8624423963133641,"[[804, 281], [15, 915]]"
0.55,12,0.25,fs_accuracy,0.47531475754986235,0.6403225806451613,0.6430915999676611,0.8486352357320099,0.8590629800307219,"[[785, 300], [5, 925]]"
0.55,12,0.25,fs_balanced,0.47531475754986235,0.6403225806451613,0.6430915999676611,0.8486352357320099,0.8590629800307219,"[[785, 300], [5, 925]]"
1.0,5,0.25,default,0.5,0.6279032258064516,0.6333818417010268,0.8297766749379653,0.841705069124424,"[[745, 340], [3, 927]]"
1.0,5,0.25,fs_accuracy,0.5304429997161311,0.635,0.6385560675883257,0.8436724565756824,0.8542242703533026,"[[778, 307], [8, 922]]"
1.0,5,0.25,fs_balanced,0.5304429997161311,0.635,0.6385560675883257,0.8436724565756824,0.8542242703533026,"[[778, 307], [8, 922]]"
0.65,4,0.25,default,0.5,0.636774193548387,0.6405853343035007,0.8406947890818859,0.8517665130568357,"[[768, 317], [4, 926]]"
0.65,4,0.25,fs_accuracy,0.5054796466011814,0.637258064516129,0.640819791414019,0.8421836228287841,0.8529953917050691,"[[773, 312], [6, 924]]"
0.65,4,0.25,fs_balanced,0.5054796466011814,0.637258064516129,0.640819791414019,0.8421836228287841,0.8529953917050691,"[[773, 312], [6, 924]]"
0.35,6,0.6,default,0.5,0.6383870967741936,0.6401002506265664,0.8491315136476427,0.8570660522273426,"[[818, 267], [37, 893]]"
0.35,6,0.6,fs_accuracy,0.4681955972879265,0.6416129032258064,0.6449834263077048,0.832258064516129,0.8427803379416283,"[[766, 319], [19, 911]]"
0.35,6,0.6,fs_balanced,0.4681955972879265,0.6416129032258064,0.6449834263077048,0.832258064516129,0.8427803379416283,"[[766, 319], [19, 911]]"
0.8,12,0.6,default,0.5,0.6361290322580645,0.6402619451855445,0.8367245657568239,0.8465437788018433,"[[780, 305], [24, 906]]"
0.8,12,0.6,fs_accuracy,0.4992534475734239,0.6364516129032258,0.6406176732152964,0.8367245657568239,0.8465437788018433,"[[780, 305], [24, 906]]"
0.8,12,0.6,fs_balanced,0.4920490862972033,0.6361290322580645,0.6406985204947853,0.8327543424317618,0.8430875576036867,"[[769, 316], [21, 909]]"
0.8,8,0.4,default,0.5,0.6337096774193548,0.6378931198965154,0.8357320099255583,0.8463133640552996,"[[769, 316], [15, 915]]"
0.8,8,0.4,fs_accuracy,0.5154622477954792,0.6364516129032258,0.6398092004204059,0.8421836228287841,0.8516897081413211,"[[790, 295], [23, 907]]"
0.8,8,0.4,fs_balanced,0.507749474895553,0.6361290322580645,0.6398900476998949,0.8382133995037221,0.8482334869431644,"[[779, 306], [20, 910]]"
0.8,10,0.25,default,0.5,0.6358064516129033,0.6396475058614277,0.8362282878411911,0.8476958525345623,"[[758, 327], [3, 927]]"
0.8,10,0.25,fs_accuracy,0.5151427751697875,0.6369354838709678,0.6398981324278439,0.8491315136476427,0.8594470046082949,"[[787, 298], [6, 924]]"
0.8,10,0.25,fs_balanced,0.4888719049007714,0.635483870967742,0.640051742258873,0.832258064516129,0.8440860215053763,"[[749, 336], [2, 928]]"
0.55,5,0.6,default,0.5,0.6374193548387097,0.6407793677742744,0.8387096774193549,0.8482334869431644,"[[786, 299], [26, 904]]"
0.55,5,0.6,fs_accuracy,0.5037112172207286,0.6387096774193548,0.6418788907753255,0.8411910669975186,0.8505376344086022,"[[791, 294], [26, 904]]"
0.55,5,0.6,fs_balanced,0.4905636727151518,0.6385483870967742,0.6425175842832889,0.8347394540942928,0.8447772657450077,"[[775, 310], [23, 907]]"
0.45,12,0.25,default,0.5,0.632258064516129,0.6326623009135743,0.8669975186104218,0.8748079877112135,"[[839, 246], [22, 908]]"
0.45,12,0.25,fs_accuracy,0.4172391618716167,0.6383870967741936,0.6433664807179238,0.8233250620347394,0.8359447004608295,"[[729, 356], [0, 930]]"
0.45,12,0.25,fs_balanced,0.4172391618716167,0.6383870967741936,0.6433664807179238,0.8233250620347394,0.8359447004608295,"[[729, 356], [0, 930]]"
0.35,6,0.25,default,0.5,0.635,0.6362276659390411,0.8630272952853598,0.8712749615975423,"[[829, 256], [20, 910]]"
0.35,6,0.25,fs_accuracy,0.4733219356840498,0.6414516129032258,0.6440213436817852,0.8491315136476427,0.8591397849462366,"[[791, 294], [10, 920]]"
0.35,6,0.25,fs_balanced,0.44333153905912565,0.6401612903225806,0.6441345298730697,0.8352357320099255,0.8470046082949308,"[[753, 332], [0, 930]]"
0.35,5,sqrt,default,0.5,0.6329032258064516,0.6336486377233406,0.864516129032258,0.8735791090629801,"[[820, 265], [8, 922]]"
0.35,5,sqrt,fs_accuracy,0.47110282224703504,0.6383870967741936,0.6407470288624788,0.8535980148883374,0.8640552995391705,"[[790, 295], [0, 930]]"
0.35,5,sqrt,fs_balanced,0.43856642305859955,0.6379032258064516,0.6418708060473766,0.8372208436724565,0.8488479262672811,"[[757, 328], [0, 930]]"
0.45,4,0.4,default,0.5,0.6383870967741936,0.6414584849219824,0.8342431761786601,0.8445468509984639,"[[771, 314], [20, 910]]"
0.45,4,0.4,fs_accuracy,0.4952221394937353,0.6396774193548387,0.6430430915999676,0.8327543424317618,0.843394777265745,"[[765, 320], [17, 913]]"
0.45,4,0.4,fs_balanced,0.4952221394937353,0.6396774193548387,0.6430430915999676,0.8327543424317618,0.843394777265745,"[[765, 320], [17, 913]]"
1.0,5,sqrt,default,0.5,0.6308064516129033,0.6361144797477565,0.822332506203474,0.8350230414746544,"[[727, 358], [0, 930]]"
1.0,5,sqrt,fs_accuracy,0.5161343584193586,0.6333870967741936,0.6377475947934352,0.8332506203473945,0.8451612903225807,"[[749, 336], [0, 930]]"
1.0,5,sqrt,fs_balanced,0.5161343584193586,0.6333870967741936,0.6377475947934352,0.8332506203473945,0.8451612903225807,"[[749, 336], [0, 930]]"
0.45,5,0.6,default,0.5,0.6385483870967742,0.6412725361791576,0.8441687344913151,0.8533026113671275,"[[797, 288], [26, 904]]"
0.45,5,0.6,fs_accuracy,0.502845963982097,0.6391935483870967,0.6417576198560919,0.8466501240694789,0.8556067588325653,"[[802, 283], [26, 904]]"
0.45,5,0.6,fs_balanced,0.4931069530925104,0.6390322580645161,0.6422022798932816,0.8426799007444169,0.8519969278033794,"[[793, 292], [25, 905]]"
0.8,4,0.4,default,0.5,0.6361290322580645,0.6407470288624788,0.8292803970223325,0.8404761904761904,"[[754, 331], [13, 917]]"
0.8,4,0.4,fs_accuracy,0.5270883880362063,0.6377419354838709,0.6409087234214569,0.8441687344913151,0.8536866359447004,"[[792, 293], [21, 909]]"
0.8,4,0.4,fs_balanced,0.49739376308321487,0.6366129032258064,0.6413857223704422,0.828287841191067,0.8397081413210445,"[[750, 335], [11, 919]]"
0.45,8,sqrt,default,0.5,0.6283870967741936,0.6284420729242461,0.8650124069478908,0.8741167434715822,"[[820, 265], [7, 923]]"
0.45,8,sqrt,fs_accuracy,0.4298041732679314,0.6345161290322581,0.6386773385075593,0.832258064516129,0.8442396313364056,"[[747, 338], [0, 930]]"
0.45,8,sqrt,fs_balanced,0.4264758116722449,0.6343548387096775,0.6387177621473037,0.830272952853598,0.8423963133640553,"[[743, 342], [0, 930]]"
0.35,10,sqrt,default,0.5,0.625,0.6224189506023122,0.8769230769230769,0.8828725038402458,"[[874, 211], [37, 893]]"
0.35,10,sqrt,fs_accuracy,0.3729067941517005,0.6366129032258064,0.6417899587678875,0.8198511166253102,0.8327188940092166,"[[722, 363], [0, 930]]"
0.35,10,sqrt,fs_balanced,0.3729067941517005,0.6366129032258064,0.6417899587678875,0.8198511166253102,0.8327188940092166,"[[722, 363], [0, 930]]"
0.35,6,0.4,default,0.5,0.6385483870967742,0.6400598269868218,0.854590570719603,0.862826420890937,"[[820, 265], [28, 902]]"
0.35,6,0.4,fs_accuracy,0.4716939640826283,0.6438709677419355,0.6466488802651791,0.8461538461538461,0.8563748079877112,"[[785, 300], [10, 920]]"
0.35,6,0.4,fs_balanced,0.4637829965313649,0.6435483870967742,0.6467297275446682,0.8416873449131513,0.8524577572964669,"[[773, 312], [7, 923]]"
0.65,12,0.25,default,0.5,0.6341935483870967,0.6368016816234134,0.8555831265508684,0.8653609831029185,"[[801, 284], [7, 923]]"
0.65,12,0.25,fs_accuracy,0.48073695969367436,0.6356451612903226,0.639202845824238,0.8431761786600497,0.8541474654377881,"[[772, 313], [3, 927]]"
0.65,12,0.25,fs_balanced,0.48073695969367436,0.6356451612903226,0.639202845824238,0.8431761786600497,0.8541474654377881,"[[772, 313], [3, 927]]"
0.8,8,0.6,default,0.5,0.6314516129032258,0.6356779044385157,0.8362282878411911,0.8463901689708142,"[[775, 310], [20, 910]]"
0.8,8,0.6,fs_accuracy,0.48476694656278274,0.6333870967741936,0.6385560675883257,0.8287841191066998,0.8400921658986176,"[[752, 333], [12, 918]]"
0.8,8,0.6,fs_balanced,0.48476694656278274,0.6333870967741936,0.6385560675883257,0.8287841191066998,0.8400921658986176,"[[752, 333], [12, 918]]"
0.45,10,0.4,default,0.5,0.6358064516129033,0.6368825289029023,0.860545905707196,0.8678955453149002,"[[838, 247], [34, 896]]"
0.45,10,0.4,fs_accuracy,0.4631273150583898,0.6433870967741936,0.6463659147869674,0.8466501240694789,0.8565284178187405,"[[790, 295], [14, 916]]"
0.45,10,0.4,fs_balanced,0.4596529759389484,0.6432258064516129,0.6464063384267119,0.8466501240694789,0.8566820276497695,"[[788, 297], [12, 918]]"
0.8,12,0.4,default,0.5,0.6370967741935484,0.6409248928773548,0.8347394540942928,0.8456989247311828,"[[763, 322], [11, 919]]"
0.8,12,0.4,fs_accuracy,0.5261983690311735,0.640483870967742,0.6430511763279165,0.8481389578163772,0.8572964669738863,"[[801, 284], [22, 908]]"
0.8,12,0.4,fs_balanced,0.5261983690311735,0.640483870967742,0.6430511763279165,0.8481389578163772,0.8572964669738863,"[[801, 284], [22, 908]]"
1.0,5,0.6,default,0.5,0.6246774193548387,0.6302773061686475,0.8267990074441688,0.8380952380952381,"[[750, 335], [14, 916]]"
1.0,5,0.6,fs_accuracy,0.5556090878220142,0.6290322580645161,0.6309645080443043,0.8471464019851117,0.8551459293394776,"[[815, 270], [38, 892]]"
1.0,5,0.6,fs_balanced,0.5227982418358056,0.6283870967741936,0.6325329452663917,0.8347394540942928,0.8447772657450077,"[[775, 310], [23, 907]]"
0.8,4,sqrt,default,0.5,0.6332258064516129,0.6376101544183038,0.8317617866004963,0.843778801843318,"[[746, 339], [0, 930]]"
0.8,4,sqrt,fs_accuracy,0.5069061340753868,0.6343548387096775,0.6383135257498584,0.8362282878411911,0.847926267281106,"[[755, 330], [0, 930]]"
0.8,4,sqrt,fs_balanced,0.4981824772907456,0.6338709677419355,0.6384347966690921,0.8297766749379653,0.8419354838709677,"[[742, 343], [0, 930]]"
0.55,8,sqrt,default,0.5,0.6298387096774194,0.6313121513461072,0.8580645161290322,0.8682027649769586,"[[799, 286], [0, 930]]"
0.55,8,sqrt,fs_accuracy,0.4474283934815252,0.6337096774193548,0.6380709839113914,0.826302729528536,0.8387096774193548,"[[735, 350], [0, 930]]"
0.55,8,sqrt,fs_balanced,0.4474283934815252,0.6337096774193548,0.6380709839113914,0.826302729528536,0.8387096774193548,"[[735, 350], [0, 930]]"
0.35,4,sqrt,default,0.5,0.6348387096774194,0.6363165979464791,0.8560794044665012,0.8661290322580646,"[[798, 287], [3, 927]]"
0.35,4,sqrt,fs_accuracy,0.48010544793061444,0.6379032258064516,0.6404640633842671,0.8486352357320099,0.8594470046082949,"[[780, 305], [0, 930]]"
0.35,4,sqrt,fs_balanced,0.4752848842627415,0.6377419354838709,0.6405044870240116,0.8461538461538461,0.8571428571428572,"[[775, 310], [0, 930]]"
0.65,8,sqrt,default,0.5,0.6337096774193548,0.6362438353949389,0.8496277915632754,0.8603686635944701,"[[782, 303], [0, 930]]"
0.65,8,sqrt,fs_accuracy,0.4925471125645624,0.6333870967741936,0.6363408521303258,0.8461538461538461,0.8571428571428572,"[[775, 310], [0, 930]]"
0.65,8,sqrt,fs_balanced,0.45138795841300683,0.6324193548387097,0.6377799337052308,0.8193548387096774,0.832258064516129,"[[721, 364], [0, 930]]"
0.45,5,sqrt,default,0.5,0.6306451612903226,0.632355081251516,0.8590570719602978,0.8690476190476191,"[[802, 283], [1, 929]]"
0.45,5,sqrt,fs_accuracy,0.472277117957169,0.6361290322580645,0.639291777831676,0.8496277915632754,0.8603686635944701,"[[782, 303], [0, 930]]"
0.45,5,sqrt,fs_balanced,0.472277117957169,0.6361290322580645,0.639291777831676,0.8496277915632754,0.8603686635944701,"[[782, 303], [0, 930]]"
0.45,10,sqrt,default,0.5,0.625,0.6244239631336406,0.8719602977667493,0.8797235023041474,"[[845, 240], [18, 912]]"
0.45,10,sqrt,fs_accuracy,0.4514049582286962,0.6353225806451613,0.6378769504406177,0.8540942928039702,0.864516129032258,"[[791, 294], [0, 930]]"
0.45,10,sqrt,fs_balanced,0.4126807986060649,0.6345161290322581,0.6390815749050045,0.8277915632754342,0.8400921658986176,"[[738, 347], [0, 930]]"
0.65,8,0.4,default,0.5,0.6370967741935484,0.6401972673619533,0.8431761786600497,0.8531490015360983,"[[785, 300], [16, 914]]"
0.65,8,0.4,fs_accuracy,0.49922818010125874,0.6374193548387097,0.6405853343035006,0.8426799007444169,0.8526881720430107,"[[784, 301], [16, 914]]"
0.65,8,0.4,fs_balanced,0.49922818010125874,0.6374193548387097,0.6405853343035006,0.8426799007444169,0.8526881720430107,"[[784, 301], [16, 914]]"
0.45,4,sqrt,default,0.5,0.6351612903225806,0.6373514431239389,0.8521091811414392,0.8624423963133641,"[[790, 295], [3, 927]]"
0.45,4,sqrt,fs_accuracy,0.4777023789222727,0.6380645161290323,0.6414261460101868,0.8416873449131513,0.8529953917050691,"[[766, 319], [0, 930]]"
0.45,4,sqrt,fs_balanced,0.4777023789222727,0.6380645161290323,0.6414261460101868,0.8416873449131513,0.8529953917050691,"[[766, 319], [0, 930]]"
