feature_set,pos_weight,leaf,max_features,threshold_strategy,threshold,fs_accuracy,test_accuracy,test_balanced_accuracy,confusion_matrix
bcfs,0.45,10,sqrt,default,0.5,0.6248387096774194,0.8764267990074441,0.8844086021505376,"[[847, 238], [11, 919]]"
bcfs,0.35,8,sqrt,default,0.5,0.6248387096774194,0.8744416873449131,0.881490015360983,"[[857, 228], [25, 905]]"
bcfs,0.35,10,sqrt,default,0.5,0.6264516129032258,0.8704714640198511,0.8765745007680492,"[[865, 220], [41, 889]]"
bcfs,0.55,10,sqrt,default,0.5,0.63,0.8635235732009926,0.8731950844854071,"[[811, 274], [1, 929]]"
bcfs,0.35,6,0.4,default,0.5,0.6377419354838709,0.860545905707196,0.8685867895545315,"[[829, 256], [25, 905]]"
bcfs,0.45,10,sqrt,fs_acc,0.45734603338682045,0.6340322580645161,0.8595533498759306,0.8695852534562212,"[[802, 283], [0, 930]]"
bcfs,0.35,6,0.4,fs_acc,0.4678007640698003,0.6411290322580645,0.8451612903225807,0.8552995391705069,"[[785, 300], [12, 918]]"
bcfs,0.55,10,sqrt,fs_acc,0.45486420618279294,0.6359677419354839,0.8421836228287841,0.8534562211981567,"[[767, 318], [0, 930]]"
anova124,0.55,10,sqrt,default,0.5,0.6217741935483871,0.8377171215880893,0.8480030721966205,"[[775, 310], [17, 913]]"
fisher124,0.55,10,sqrt,default,0.5,0.6224193548387097,0.8362282878411911,0.8463133640552996,"[[776, 309], [21, 909]]"
fisher124,0.45,10,sqrt,default,0.5,0.6130645161290322,0.8332506203473945,0.8420122887864823,"[[790, 295], [41, 889]]"
anova124,0.55,10,sqrt,fs_acc,0.4630284223659488,0.6269354838709678,0.8327543424317618,0.8445468509984639,"[[750, 335], [2, 928]]"
anova124,0.45,10,sqrt,default,0.5,0.6108064516129033,0.8327543424317618,0.8414746543778802,"[[790, 295], [42, 888]]"
fisher124,0.55,10,sqrt,fs_acc,0.4408865375184932,0.6298387096774194,0.8292803970223325,0.8414746543778802,"[[741, 344], [0, 930]]"
bcfs,0.35,10,sqrt,fs_acc,0.3828170514983865,0.6353225806451613,0.828287841191067,0.840552995391705,"[[739, 346], [0, 930]]"
anova124,0.45,10,sqrt,fs_acc,0.4197658914502728,0.6266129032258064,0.8277915632754342,0.8400921658986176,"[[738, 347], [0, 930]]"
bcfs_anova1024_halfbcfs124,0.35,8,sqrt,default,0.5,0.6319354838709678,0.8267990074441688,0.8347158218125961,"[[794, 291], [58, 872]]"
bcfs_fisher1024_halfbcfs124,0.35,8,sqrt,default,0.5,0.6319354838709678,0.8267990074441688,0.8347158218125961,"[[794, 291], [58, 872]]"
bcfs,0.35,8,sqrt,fs_acc,0.39629912092262487,0.6359677419354839,0.8253101736972704,0.8377880184331797,"[[733, 352], [0, 930]]"
anova124,0.35,8,sqrt,default,0.5,0.6085483870967742,0.8238213399503722,0.8305683563748081,"[[806, 279], [76, 854]]"
bcfs_anova1024_halfbcfs124,0.35,8,sqrt,fs_acc,0.48471227930224703,0.6359677419354839,0.8233250620347394,0.8327956989247312,"[[770, 315], [41, 889]]"
bcfs_fisher1024_halfbcfs124,0.35,8,sqrt,fs_acc,0.484712279302247,0.6359677419354839,0.8233250620347394,0.8327956989247312,"[[770, 315], [41, 889]]"
fisher124,0.35,10,sqrt,default,0.5,0.6006451612903225,0.8233250620347394,0.8294930875576036,"[[813, 272], [84, 846]]"
fisher124,0.35,8,sqrt,fs_acc,0.41010860827549855,0.6333870967741936,0.822332506203474,0.8349462365591398,"[[728, 357], [1, 929]]"
bcfs_anova1024_halfbcfs124,0.45,10,sqrt,default,0.5,0.6308064516129033,0.822332506203474,0.8306451612903225,"[[784, 301], [57, 873]]"
bcfs_fisher1024_halfbcfs124,0.45,10,sqrt,default,0.5,0.6308064516129033,0.822332506203474,0.8306451612903225,"[[784, 301], [57, 873]]"
anova124,0.35,6,0.4,default,0.5,0.6185483870967742,0.8218362282878412,0.8317972350230415,"[[762, 323], [36, 894]]"
fisher124,0.35,10,sqrt,fs_acc,0.39064005582675027,0.6346774193548387,0.8208436724565756,0.8336405529953916,"[[724, 361], [0, 930]]"
bcfs_anova1024_halfbcfs124,0.45,10,sqrt,fs_acc,0.48339954150631026,0.6333870967741936,0.8198511166253102,0.829800307219662,"[[760, 325], [38, 892]]"
bcfs_fisher1024_halfbcfs124,0.45,10,sqrt,fs_acc,0.48339954150631026,0.6333870967741936,0.8198511166253102,0.829800307219662,"[[760, 325], [38, 892]]"
anova124,0.35,10,sqrt,fs_acc,0.3903090682347573,0.6337096774193548,0.8188585607940446,0.8317972350230415,"[[720, 365], [0, 930]]"
bcfs_anova1024_halfbcfs124,0.35,10,sqrt,default,0.5,0.6248387096774194,0.8178660049627792,0.8238863287250384,"[[809, 276], [91, 839]]"
bcfs_fisher1024_halfbcfs124,0.35,10,sqrt,default,0.5,0.6248387096774194,0.8178660049627792,0.8238863287250384,"[[809, 276], [91, 839]]"
fisher124,0.35,8,sqrt,default,0.5,0.6070967741935483,0.8168734491315136,0.8234254992319509,"[[801, 284], [85, 845]]"
bcfs_anova1024_halfbcfs124,0.55,10,sqrt,fs_acc,0.49558178697406025,0.6382258064516129,0.8163771712158809,0.8274193548387097,"[[742, 343], [27, 903]]"
bcfs_fisher1024_halfbcfs124,0.55,10,sqrt,fs_acc,0.49558178697406025,0.6382258064516129,0.8163771712158809,0.8274193548387097,"[[742, 343], [27, 903]]"
bcfs_anova1024_halfbcfs124,0.55,10,sqrt,default,0.5,0.637258064516129,0.8163771712158809,0.8271121351766513,"[[746, 339], [31, 899]]"
bcfs_fisher1024_halfbcfs124,0.55,10,sqrt,default,0.5,0.637258064516129,0.8163771712158809,0.8271121351766513,"[[746, 339], [31, 899]]"
bcfs_anova1024_imp124,0.35,8,sqrt,default,0.5,0.6261290322580645,0.8163771712158809,0.8240399385560676,"[[786, 299], [71, 859]]"
bcfs_fisher1024_imp124,0.35,8,sqrt,default,0.5,0.6261290322580645,0.8163771712158809,0.8240399385560676,"[[786, 299], [71, 859]]"
fisher124,0.45,10,sqrt,fs_acc,0.40160790586254386,0.63,0.8153846153846154,0.8285714285714285,"[[713, 372], [0, 930]]"
anova124,0.35,8,sqrt,fs_acc,0.40166210047705564,0.6304838709677419,0.8148883374689826,0.8280337941628264,"[[713, 372], [1, 929]]"
anova124,0.35,10,sqrt,default,0.5,0.6019354838709677,0.8138957816377171,0.8196620583717358,"[[808, 277], [98, 832]]"
bcfs_anova1024_imp124,0.35,10,sqrt,default,0.5,0.6220967741935484,0.8129032258064516,0.8182795698924732,"[[812, 273], [104, 826]]"
bcfs_fisher1024_imp124,0.35,10,sqrt,default,0.5,0.6220967741935484,0.8129032258064516,0.8182795698924732,"[[812, 273], [104, 826]]"
bcfs_anova1024_halfbcfs124,0.35,10,sqrt,fs_acc,0.4632207105554514,0.6337096774193548,0.8124069478908189,0.8224270353302612,"[[751, 334], [44, 886]]"
bcfs_fisher1024_halfbcfs124,0.35,10,sqrt,fs_acc,0.46322071055545144,0.6337096774193548,0.8124069478908189,0.8224270353302612,"[[751, 334], [44, 886]]"
fisher124,0.35,6,0.4,default,0.5,0.6159677419354839,0.8119106699751861,0.8225806451612903,"[[742, 343], [36, 894]]"
bcfs_anova1024_imp124,0.35,8,sqrt,fs_acc,0.47805382011701375,0.6288709677419355,0.8119106699751861,0.8220430107526882,"[[749, 336], [43, 887]]"
bcfs_fisher1024_imp124,0.35,8,sqrt,fs_acc,0.47805382011701375,0.6288709677419355,0.8119106699751861,0.8220430107526882,"[[749, 336], [43, 887]]"
bcfs_anova1024_imp124,0.45,10,sqrt,default,0.5,0.6288709677419355,0.8119106699751861,0.8212749615975422,"[[759, 326], [53, 877]]"
bcfs_fisher1024_imp124,0.45,10,sqrt,default,0.5,0.6288709677419355,0.8119106699751861,0.8212749615975422,"[[759, 326], [53, 877]]"
bcfs_anova1024_imp124,0.45,10,sqrt,fs_acc,0.5098543839885566,0.6295161290322581,0.8104218362282879,0.8189708141321044,"[[768, 317], [65, 865]]"
bcfs_fisher1024_imp124,0.45,10,sqrt,fs_acc,0.5098543839885566,0.6295161290322581,0.8104218362282879,0.8189708141321044,"[[768, 317], [65, 865]]"
bcfs_anova1024_imp124,0.35,10,sqrt,fs_acc,0.4622271133919781,0.6311290322580645,0.8099255583126551,0.8197388632872504,"[[751, 334], [49, 881]]"
bcfs_fisher1024_imp124,0.35,10,sqrt,fs_acc,0.46222711339197814,0.6311290322580645,0.8099255583126551,0.8197388632872504,"[[751, 334], [49, 881]]"
bcfs_anova1024_imp124,0.55,10,sqrt,fs_acc,0.515144712046603,0.6288709677419355,0.8069478908188585,0.8173579109062981,"[[740, 345], [44, 886]]"
bcfs_fisher1024_imp124,0.55,10,sqrt,fs_acc,0.515144712046603,0.6288709677419355,0.8069478908188585,0.8173579109062981,"[[740, 345], [44, 886]]"
bcfs_anova1024_imp124,0.55,10,sqrt,default,0.5,0.6279032258064516,0.8034739454094293,0.8151305683563748,"[[720, 365], [31, 899]]"
bcfs_fisher1024_imp124,0.55,10,sqrt,default,0.5,0.6279032258064516,0.8034739454094293,0.8151305683563748,"[[720, 365], [31, 899]]"
fisher124,0.35,6,0.4,fs_acc,0.4488226865506793,0.6298387096774194,0.798014888337469,0.8122887864823348,"[[680, 405], [2, 928]]"
bcfs_anova1024_halfbcfs124,0.35,6,0.4,default,0.5,0.6366129032258064,0.7970223325062035,0.8067588325652841,"[[738, 347], [62, 868]]"
bcfs_fisher1024_halfbcfs124,0.35,6,0.4,default,0.5,0.6366129032258064,0.7970223325062035,0.8067588325652841,"[[738, 347], [62, 868]]"
anova124,0.35,6,0.4,fs_acc,0.42942150116228855,0.632258064516129,0.7950372208436725,0.8095238095238095,"[[674, 411], [2, 928]]"
bcfs_anova1024_imp124,0.35,6,0.4,fs_acc,0.5188043497020822,0.631774193548387,0.7950372208436725,0.8039938556067588,"[[746, 339], [74, 856]]"
bcfs_fisher1024_imp124,0.35,6,0.4,fs_acc,0.5188043497020822,0.631774193548387,0.7950372208436725,0.8039938556067588,"[[746, 339], [74, 856]]"
bcfs_anova1024_imp124,0.35,6,0.4,default,0.5,0.6285483870967742,0.7925558312655087,0.8031490015360984,"[[722, 363], [55, 875]]"
bcfs_fisher1024_imp124,0.35,6,0.4,default,0.5,0.6285483870967742,0.7925558312655087,0.8031490015360984,"[[722, 363], [55, 875]]"
bcfs_anova1024_halfbcfs124,0.35,6,0.4,fs_acc,0.431633271144552,0.6406451612903226,0.7766749379652605,0.7911674347158218,"[[654, 431], [19, 911]]"
bcfs_fisher1024_halfbcfs124,0.35,6,0.4,fs_acc,0.431633271144552,0.6406451612903226,0.7766749379652605,0.7911674347158218,"[[654, 431], [19, 911]]"
