kind,params,train_strategy,threshold_strategy,threshold,fs_accuracy,fs_balanced_accuracy,test_accuracy,test_balanced_accuracy,test_confusion_matrix
extra_trees,"{""class_weight"": ""balanced"", ""min_samples_leaf"": 1, ""max_features"": ""sqrt"", ""n_estimators"": 700}",train_only,default,,0.6288709677419355,0.6339801115692456,0.8253101736972704,0.8377880184331797,"[[733, 352], [0, 930]]"
extra_trees,"{""class_weight"": ""balanced"", ""min_samples_leaf"": 1, ""max_features"": ""sqrt"", ""n_estimators"": 700}",train_only,fs_accuracy,0.6071428571428571,0.6309677419354839,0.6291050206160562,0.8630272952853598,0.8698924731182796,"[[847, 238], [38, 892]]"
extra_trees,"{""class_weight"": ""balanced"", ""min_samples_leaf"": 1, ""max_features"": ""sqrt"", ""n_estimators"": 700}",train_only,fs_balanced,0.5014285714285714,0.6288709677419355,0.6339801115692456,0.8253101736972704,0.8377880184331797,"[[733, 352], [0, 930]]"
extra_trees,"{""class_weight"": ""balanced"", ""min_samples_leaf"": 1, ""max_features"": ""sqrt"", ""n_estimators"": 700}",train_plus_feature_selection,default,,1.0,1.0,0.8178660049627792,0.8302611367127497,"[[726, 359], [8, 922]]"
extra_trees,"{""class_weight"": ""balanced"", ""min_samples_leaf"": 1, ""max_features"": ""sqrt"", ""n_estimators"": 700}",train_plus_feature_selection,fs_accuracy,0.4750000000003638,1.0,1.0,0.7985111662531017,0.8127496159754224,"[[681, 404], [2, 928]]"
extra_trees,"{""class_weight"": ""balanced"", ""min_samples_leaf"": 1, ""max_features"": ""sqrt"", ""n_estimators"": 700}",train_plus_feature_selection,fs_balanced,0.4750000000003638,1.0,1.0,0.7985111662531017,0.8127496159754224,"[[681, 404], [2, 928]]"
extra_trees,"{""class_weight"": ""balanced"", ""min_samples_leaf"": 3, ""max_features"": ""sqrt"", ""n_estimators"": 700}",train_only,default,,0.6259677419354839,0.6320397768615086,0.8168734491315136,0.8299539170506913,"[[716, 369], [0, 930]]"
extra_trees,"{""class_weight"": ""balanced"", ""min_samples_leaf"": 3, ""max_features"": ""sqrt"", ""n_estimators"": 700}",train_only,fs_accuracy,0.6352011106592452,0.6309677419354839,0.6280378365268009,0.8724565756823821,0.8774961597542242,"[[881, 204], [53, 877]]"
extra_trees,"{""class_weight"": ""balanced"", ""min_samples_leaf"": 3, ""max_features"": ""sqrt"", ""n_estimators"": 700}",train_only,fs_balanced,0.5030344618254415,0.6266129032258064,0.6324440132589538,0.818362282878412,0.8313364055299539,"[[719, 366], [0, 930]]"
extra_trees,"{""class_weight"": ""balanced"", ""min_samples_leaf"": 3, ""max_features"": ""sqrt"", ""n_estimators"": 700}",train_plus_feature_selection,default,,1.0,1.0,0.8079404466501241,0.8213517665130569,"[[702, 383], [4, 926]]"
extra_trees,"{""class_weight"": ""balanced"", ""min_samples_leaf"": 3, ""max_features"": ""sqrt"", ""n_estimators"": 700}",train_plus_feature_selection,fs_accuracy,0.5133953215705533,1.0,1.0,0.8133995037220844,0.8263440860215054,"[[714, 371], [5, 925]]"
extra_trees,"{""class_weight"": ""balanced"", ""min_samples_leaf"": 3, ""max_features"": ""sqrt"", ""n_estimators"": 700}",train_plus_feature_selection,fs_balanced,0.5133953215705533,1.0,1.0,0.8133995037220844,0.8263440860215054,"[[714, 371], [5, 925]]"
extra_trees,"{""class_weight"": ""balanced"", ""min_samples_leaf"": 6, ""max_features"": ""sqrt"", ""n_estimators"": 700}",train_only,default,,0.6243548387096775,0.6303743229040343,0.8213399503722084,0.8341013824884793,"[[725, 360], [0, 930]]"
extra_trees,"{""class_weight"": ""balanced"", ""min_samples_leaf"": 6, ""max_features"": ""sqrt"", ""n_estimators"": 700}",train_only,fs_accuracy,0.5444882248752407,0.6327419354838709,0.6360821408359609,0.8456575682382134,0.8566820276497695,"[[774, 311], [0, 930]]"
extra_trees,"{""class_weight"": ""balanced"", ""min_samples_leaf"": 6, ""max_features"": ""sqrt"", ""n_estimators"": 700}",train_only,fs_balanced,0.5213730207040569,0.6316129032258064,0.6362034117551945,0.830272952853598,0.8423963133640553,"[[743, 342], [0, 930]]"
extra_trees,"{""class_weight"": ""balanced"", ""min_samples_leaf"": 6, ""max_features"": ""sqrt"", ""n_estimators"": 700}",train_plus_feature_selection,default,,1.0,1.0,0.8133995037220844,0.8264976958525345,"[[712, 373], [3, 927]]"
extra_trees,"{""class_weight"": ""balanced"", ""min_samples_leaf"": 6, ""max_features"": ""sqrt"", ""n_estimators"": 700}",train_plus_feature_selection,fs_accuracy,0.5337957388938007,1.0,1.0,0.828287841191067,0.8398617511520737,"[[748, 337], [9, 921]]"
extra_trees,"{""class_weight"": ""balanced"", ""min_samples_leaf"": 6, ""max_features"": ""sqrt"", ""n_estimators"": 700}",train_plus_feature_selection,fs_balanced,0.5337957388938007,1.0,1.0,0.828287841191067,0.8398617511520737,"[[748, 337], [9, 921]]"
extra_trees,"{""class_weight"": {""0"": 1.0, ""1"": 0.45}, ""min_samples_leaf"": 1, ""max_features"": ""sqrt"", ""n_estimators"": 700}",train_only,default,,0.6261290322580645,0.6324359285310049,0.7970223325062035,0.8115207373271889,"[[676, 409], [0, 930]]"
extra_trees,"{""class_weight"": {""0"": 1.0, ""1"": 0.45}, ""min_samples_leaf"": 1, ""max_features"": ""sqrt"", ""n_estimators"": 700}",train_only,fs_accuracy,0.5465142857142856,0.6388709677419355,0.6422265340771283,0.8387096774193549,0.8500768049155145,"[[762, 323], [2, 928]]"
extra_trees,"{""class_weight"": {""0"": 1.0, ""1"": 0.45}, ""min_samples_leaf"": 1, ""max_features"": ""sqrt"", ""n_estimators"": 700}",train_only,fs_balanced,0.5465142857142856,0.6388709677419355,0.6422265340771283,0.8387096774193549,0.8500768049155145,"[[762, 323], [2, 928]]"
extra_trees,"{""class_weight"": {""0"": 1.0, ""1"": 0.45}, ""min_samples_leaf"": 1, ""max_features"": ""sqrt"", ""n_estimators"": 700}",train_plus_feature_selection,default,,1.0,1.0,0.7935483870967742,0.8078341013824885,"[[675, 410], [6, 924]]"
extra_trees,"{""class_weight"": {""0"": 1.0, ""1"": 0.45}, ""min_samples_leaf"": 1, ""max_features"": ""sqrt"", ""n_estimators"": 700}",train_plus_feature_selection,fs_accuracy,0.4750000000003638,1.0,1.0,0.7722084367245657,0.7883256528417819,"[[628, 457], [2, 928]]"
extra_trees,"{""class_weight"": {""0"": 1.0, ""1"": 0.45}, ""min_samples_leaf"": 1, ""max_features"": ""sqrt"", ""n_estimators"": 700}",train_plus_feature_selection,fs_balanced,0.4750000000003638,1.0,1.0,0.7722084367245657,0.7883256528417819,"[[628, 457], [2, 928]]"
extra_trees,"{""class_weight"": {""0"": 1.0, ""1"": 0.45}, ""min_samples_leaf"": 3, ""max_features"": ""sqrt"", ""n_estimators"": 700}",train_only,default,,0.6356451612903226,0.6386530843237125,0.8471464019851117,0.8580645161290323,"[[777, 308], [0, 930]]"
extra_trees,"{""class_weight"": {""0"": 1.0, ""1"": 0.45}, ""min_samples_leaf"": 3, ""max_features"": ""sqrt"", ""n_estimators"": 700}",train_only,fs_accuracy,0.4922773045367286,0.6356451612903226,0.6389926428975665,0.8426799007444169,0.8539170506912442,"[[768, 317], [0, 930]]"
extra_trees,"{""class_weight"": {""0"": 1.0, ""1"": 0.45}, ""min_samples_leaf"": 3, ""max_features"": ""sqrt"", ""n_estimators"": 700}",train_only,fs_balanced,0.4803116461826852,0.6351612903225806,0.6392594389198804,0.8312655086848635,0.8433179723502304,"[[745, 340], [0, 930]]"
extra_trees,"{""class_weight"": {""0"": 1.0, ""1"": 0.45}, ""min_samples_leaf"": 3, ""max_features"": ""sqrt"", ""n_estimators"": 700}",train_plus_feature_selection,default,,1.0,1.0,0.832258064516129,0.8427035330261137,"[[767, 318], [20, 910]]"
extra_trees,"{""class_weight"": {""0"": 1.0, ""1"": 0.45}, ""min_samples_leaf"": 3, ""max_features"": ""sqrt"", ""n_estimators"": 700}",train_plus_feature_selection,fs_accuracy,0.42295984671083564,1.0,1.0,0.7880893300248138,0.8031490015360983,"[[659, 426], [1, 929]]"
extra_trees,"{""class_weight"": {""0"": 1.0, ""1"": 0.45}, ""min_samples_leaf"": 3, ""max_features"": ""sqrt"", ""n_estimators"": 700}",train_plus_feature_selection,fs_balanced,0.42295984671083564,1.0,1.0,0.7880893300248138,0.8031490015360983,"[[659, 426], [1, 929]]"
extra_trees,"{""class_weight"": {""0"": 1.0, ""1"": 0.45}, ""min_samples_leaf"": 6, ""max_features"": ""sqrt"", ""n_estimators"": 700}",train_only,default,,0.6296774193548387,0.6308836607648153,0.8630272952853598,0.8725038402457758,"[[813, 272], [4, 926]]"
extra_trees,"{""class_weight"": {""0"": 1.0, ""1"": 0.45}, ""min_samples_leaf"": 6, ""max_features"": ""sqrt"", ""n_estimators"": 700}",train_only,fs_accuracy,0.46891658581999146,0.6362903225806451,0.6391381680006467,0.8476426799007444,0.8585253456221198,"[[778, 307], [0, 930]]"
extra_trees,"{""class_weight"": {""0"": 1.0, ""1"": 0.45}, ""min_samples_leaf"": 6, ""max_features"": ""sqrt"", ""n_estimators"": 700}",train_only,fs_balanced,0.46891658581999146,0.6362903225806451,0.6391381680006467,0.8476426799007444,0.8585253456221198,"[[778, 307], [0, 930]]"
extra_trees,"{""class_weight"": {""0"": 1.0, ""1"": 0.45}, ""min_samples_leaf"": 6, ""max_features"": ""sqrt"", ""n_estimators"": 700}",train_plus_feature_selection,default,,1.0,1.0,0.8471464019851117,0.8543010752688172,"[[826, 259], [49, 881]]"
extra_trees,"{""class_weight"": {""0"": 1.0, ""1"": 0.45}, ""min_samples_leaf"": 6, ""max_features"": ""sqrt"", ""n_estimators"": 700}",train_plus_feature_selection,fs_accuracy,0.4019481364779649,1.0,1.0,0.7945409429280397,0.809062980030722,"[[673, 412], [2, 928]]"
extra_trees,"{""class_weight"": {""0"": 1.0, ""1"": 0.45}, ""min_samples_leaf"": 6, ""max_features"": ""sqrt"", ""n_estimators"": 700}",train_plus_feature_selection,fs_balanced,0.4019481364779649,1.0,1.0,0.7945409429280397,0.809062980030722,"[[673, 412], [2, 928]]"
extra_trees,"{""class_weight"": {""0"": 1.0, ""1"": 0.6}, ""min_samples_leaf"": 1, ""max_features"": ""sqrt"", ""n_estimators"": 700}",train_only,default,,0.6295161290322581,0.6355485487913332,0.8059553349875931,0.819815668202765,"[[694, 391], [0, 930]]"
extra_trees,"{""class_weight"": {""0"": 1.0, ""1"": 0.6}, ""min_samples_leaf"": 1, ""max_features"": ""sqrt"", ""n_estimators"": 700}",train_only,fs_accuracy,0.530821428571429,0.6377419354838709,0.6418465518635298,0.826302729528536,0.8387096774193548,"[[735, 350], [0, 930]]"
extra_trees,"{""class_weight"": {""0"": 1.0, ""1"": 0.6}, ""min_samples_leaf"": 1, ""max_features"": ""sqrt"", ""n_estimators"": 700}",train_only,fs_balanced,0.530821428571429,0.6377419354838709,0.6418465518635298,0.826302729528536,0.8387096774193548,"[[735, 350], [0, 930]]"
extra_trees,"{""class_weight"": {""0"": 1.0, ""1"": 0.6}, ""min_samples_leaf"": 1, ""max_features"": ""sqrt"", ""n_estimators"": 700}",train_plus_feature_selection,default,,1.0,1.0,0.8024813895781637,0.8162826420890937,"[[691, 394], [4, 926]]"
extra_trees,"{""class_weight"": {""0"": 1.0, ""1"": 0.6}, ""min_samples_leaf"": 1, ""max_features"": ""sqrt"", ""n_estimators"": 700}",train_plus_feature_selection,fs_accuracy,0.4750000000003638,1.0,1.0,0.7821339950372208,0.797542242703533,"[[648, 437], [2, 928]]"
extra_trees,"{""class_weight"": {""0"": 1.0, ""1"": 0.6}, ""min_samples_leaf"": 1, ""max_features"": ""sqrt"", ""n_estimators"": 700}",train_plus_feature_selection,fs_balanced,0.4750000000003638,1.0,1.0,0.7821339950372208,0.797542242703533,"[[648, 437], [2, 928]]"
extra_trees,"{""class_weight"": {""0"": 1.0, ""1"": 0.6}, ""min_samples_leaf"": 3, ""max_features"": ""sqrt"", ""n_estimators"": 700}",train_only,default,,0.6348387096774194,0.6386773385075593,0.8352357320099255,0.8470046082949308,"[[753, 332], [0, 930]]"
extra_trees,"{""class_weight"": {""0"": 1.0, ""1"": 0.6}, ""min_samples_leaf"": 3, ""max_features"": ""sqrt"", ""n_estimators"": 700}",train_only,fs_accuracy,0.5096416993508576,0.6369354838709678,0.6402861993693912,0.8466501240694789,0.8575268817204301,"[[777, 308], [1, 929]]"
extra_trees,"{""class_weight"": {""0"": 1.0, ""1"": 0.6}, ""min_samples_leaf"": 3, ""max_features"": ""sqrt"", ""n_estimators"": 700}",train_only,fs_balanced,0.5096416993508576,0.6369354838709678,0.6402861993693912,0.8466501240694789,0.8575268817204301,"[[777, 308], [1, 929]]"
extra_trees,"{""class_weight"": {""0"": 1.0, ""1"": 0.6}, ""min_samples_leaf"": 3, ""max_features"": ""sqrt"", ""n_estimators"": 700}",train_plus_feature_selection,default,,1.0,1.0,0.8317617866004963,0.843010752688172,"[[756, 329], [10, 920]]"
extra_trees,"{""class_weight"": {""0"": 1.0, ""1"": 0.6}, ""min_samples_leaf"": 3, ""max_features"": ""sqrt"", ""n_estimators"": 700}",train_plus_feature_selection,fs_accuracy,0.4458472815211012,1.0,1.0,0.794044665012407,0.8086021505376344,"[[672, 413], [2, 928]]"
extra_trees,"{""class_weight"": {""0"": 1.0, ""1"": 0.6}, ""min_samples_leaf"": 3, ""max_features"": ""sqrt"", ""n_estimators"": 700}",train_plus_feature_selection,fs_balanced,0.4458472815211012,1.0,1.0,0.794044665012407,0.8086021505376344,"[[672, 413], [2, 928]]"
extra_trees,"{""class_weight"": {""0"": 1.0, ""1"": 0.6}, ""min_samples_leaf"": 6, ""max_features"": ""sqrt"", ""n_estimators"": 700}",train_only,default,,0.6333870967741936,0.6359366157328805,0.8471464019851117,0.857910906298003,"[[779, 306], [2, 928]]"
extra_trees,"{""class_weight"": {""0"": 1.0, ""1"": 0.6}, ""min_samples_leaf"": 6, ""max_features"": ""sqrt"", ""n_estimators"": 700}",train_only,fs_accuracy,0.488415926834309,0.6345161290322581,0.6376101544183039,0.8441687344913151,0.8552995391705069,"[[771, 314], [0, 930]]"
extra_trees,"{""class_weight"": {""0"": 1.0, ""1"": 0.6}, ""min_samples_leaf"": 6, ""max_features"": ""sqrt"", ""n_estimators"": 700}",train_only,fs_balanced,0.47279824174104174,0.6335483870967742,0.6376424933300995,0.8377171215880893,0.8493087557603687,"[[758, 327], [0, 930]]"
extra_trees,"{""class_weight"": {""0"": 1.0, ""1"": 0.6}, ""min_samples_leaf"": 6, ""max_features"": ""sqrt"", ""n_estimators"": 700}",train_plus_feature_selection,default,,1.0,1.0,0.8451612903225807,0.8548387096774193,"[[791, 294], [18, 912]]"
extra_trees,"{""class_weight"": {""0"": 1.0, ""1"": 0.6}, ""min_samples_leaf"": 6, ""max_features"": ""sqrt"", ""n_estimators"": 700}",train_plus_feature_selection,fs_accuracy,0.4501405284240779,1.0,1.0,0.8188585607940446,0.8314900153609831,"[[724, 361], [4, 926]]"
extra_trees,"{""class_weight"": {""0"": 1.0, ""1"": 0.6}, ""min_samples_leaf"": 6, ""max_features"": ""sqrt"", ""n_estimators"": 700}",train_plus_feature_selection,fs_balanced,0.4501405284240779,1.0,1.0,0.8188585607940446,0.8314900153609831,"[[724, 361], [4, 926]]"
extra_trees,"{""class_weight"": {""0"": 1.0, ""1"": 0.8}, ""min_samples_leaf"": 1, ""max_features"": ""sqrt"", ""n_estimators"": 700}",train_only,default,,0.6288709677419355,0.6344490257902822,0.818362282878412,0.8313364055299539,"[[719, 366], [0, 930]]"
extra_trees,"{""class_weight"": {""0"": 1.0, ""1"": 0.8}, ""min_samples_leaf"": 1, ""max_features"": ""sqrt"", ""n_estimators"": 700}",train_only,fs_accuracy,0.6314285714285715,0.6356451612903226,0.6327674023769101,0.8640198511166253,0.8692012288786481,"[[870, 215], [59, 871]]"
extra_trees,"{""class_weight"": {""0"": 1.0, ""1"": 0.8}, ""min_samples_leaf"": 1, ""max_features"": ""sqrt"", ""n_estimators"": 700}",train_only,fs_balanced,0.49516428571428606,0.6287096774193548,0.634796669092085,0.8138957816377171,0.8271889400921659,"[[710, 375], [0, 930]]"
extra_trees,"{""class_weight"": {""0"": 1.0, ""1"": 0.8}, ""min_samples_leaf"": 1, ""max_features"": ""sqrt"", ""n_estimators"": 700}",train_plus_feature_selection,default,,1.0,1.0,0.8129032258064516,0.8261136712749616,"[[710, 375], [2, 928]]"
extra_trees,"{""class_weight"": {""0"": 1.0, ""1"": 0.8}, ""min_samples_leaf"": 1, ""max_features"": ""sqrt"", ""n_estimators"": 700}",train_plus_feature_selection,fs_accuracy,0.4750000000003638,1.0,1.0,0.7950372208436725,0.8096006144393242,"[[673, 412], [1, 929]]"
extra_trees,"{""class_weight"": {""0"": 1.0, ""1"": 0.8}, ""min_samples_leaf"": 1, ""max_features"": ""sqrt"", ""n_estimators"": 700}",train_plus_feature_selection,fs_balanced,0.4750000000003638,1.0,1.0,0.7950372208436725,0.8096006144393242,"[[673, 412], [1, 929]]"
extra_trees,"{""class_weight"": {""0"": 1.0, ""1"": 0.8}, ""min_samples_leaf"": 3, ""max_features"": ""sqrt"", ""n_estimators"": 700}",train_only,default,,0.6306451612903226,0.6353787695044062,0.832258064516129,0.8442396313364056,"[[747, 338], [0, 930]]"
extra_trees,"{""class_weight"": {""0"": 1.0, ""1"": 0.8}, ""min_samples_leaf"": 3, ""max_features"": ""sqrt"", ""n_estimators"": 700}",train_only,fs_accuracy,0.5243872210560903,0.6324193548387097,0.6357587517180048,0.8481389578163772,0.8589861751152074,"[[779, 306], [0, 930]]"
extra_trees,"{""class_weight"": {""0"": 1.0, ""1"": 0.8}, ""min_samples_leaf"": 3, ""max_features"": ""sqrt"", ""n_estimators"": 700}",train_only,fs_balanced,0.5073924551308613,0.6314516129032258,0.6357910906298003,0.8392059553349875,0.8506912442396313,"[[761, 324], [0, 930]]"
extra_trees,"{""class_weight"": {""0"": 1.0, ""1"": 0.8}, ""min_samples_leaf"": 3, ""max_features"": ""sqrt"", ""n_estimators"": 700}",train_plus_feature_selection,default,,1.0,1.0,0.8198511166253102,0.8321044546850999,"[[730, 355], [8, 922]]"
extra_trees,"{""class_weight"": {""0"": 1.0, ""1"": 0.8}, ""min_samples_leaf"": 3, ""max_features"": ""sqrt"", ""n_estimators"": 700}",train_plus_feature_selection,fs_accuracy,0.47819944631794453,1.0,1.0,0.8074441687344913,0.8208141321044546,"[[702, 383], [5, 925]]"
extra_trees,"{""class_weight"": {""0"": 1.0, ""1"": 0.8}, ""min_samples_leaf"": 3, ""max_features"": ""sqrt"", ""n_estimators"": 700}",train_plus_feature_selection,fs_balanced,0.47819944631794453,1.0,1.0,0.8074441687344913,0.8208141321044546,"[[702, 383], [5, 925]]"
extra_trees,"{""class_weight"": {""0"": 1.0, ""1"": 0.8}, ""min_samples_leaf"": 6, ""max_features"": ""sqrt"", ""n_estimators"": 700}",train_only,default,,0.6309677419354839,0.6351038887541434,0.8372208436724565,0.8488479262672811,"[[757, 328], [0, 930]]"
extra_trees,"{""class_weight"": {""0"": 1.0, ""1"": 0.8}, ""min_samples_leaf"": 6, ""max_features"": ""sqrt"", ""n_estimators"": 700}",train_only,fs_accuracy,0.48687132992090437,0.6324193548387097,0.6372625111165009,0.8292803970223325,0.8414746543778802,"[[741, 344], [0, 930]]"
extra_trees,"{""class_weight"": {""0"": 1.0, ""1"": 0.8}, ""min_samples_leaf"": 6, ""max_features"": ""sqrt"", ""n_estimators"": 700}",train_only,fs_balanced,0.48687132992090437,0.6324193548387097,0.6372625111165009,0.8292803970223325,0.8414746543778802,"[[741, 344], [0, 930]]"
extra_trees,"{""class_weight"": {""0"": 1.0, ""1"": 0.8}, ""min_samples_leaf"": 6, ""max_features"": ""sqrt"", ""n_estimators"": 700}",train_plus_feature_selection,default,,1.0,1.0,0.824317617866005,0.8361751152073733,"[[740, 345], [9, 921]]"
extra_trees,"{""class_weight"": {""0"": 1.0, ""1"": 0.8}, ""min_samples_leaf"": 6, ""max_features"": ""sqrt"", ""n_estimators"": 700}",train_plus_feature_selection,fs_accuracy,0.48135544065871544,1.0,1.0,0.8163771712158809,0.8290322580645162,"[[721, 364], [6, 924]]"
extra_trees,"{""class_weight"": {""0"": 1.0, ""1"": 0.8}, ""min_samples_leaf"": 6, ""max_features"": ""sqrt"", ""n_estimators"": 700}",train_plus_feature_selection,fs_balanced,0.48135544065871544,1.0,1.0,0.8163771712158809,0.8290322580645162,"[[721, 364], [6, 924]]"
extra_trees,"{""class_weight"": {""0"": 1.0, ""1"": 1.0}, ""min_samples_leaf"": 1, ""max_features"": ""sqrt"", ""n_estimators"": 700}",train_only,default,,0.627258064516129,0.6327188940092165,0.826302729528536,0.8387096774193548,"[[735, 350], [0, 930]]"
extra_trees,"{""class_weight"": {""0"": 1.0, ""1"": 1.0}, ""min_samples_leaf"": 1, ""max_features"": ""sqrt"", ""n_estimators"": 700}",train_only,fs_accuracy,0.61,0.6341935483870967,0.6325814536340852,0.8674937965260546,0.8743471582181259,"[[852, 233], [34, 896]]"
extra_trees,"{""class_weight"": {""0"": 1.0, ""1"": 1.0}, ""min_samples_leaf"": 1, ""max_features"": ""sqrt"", ""n_estimators"": 700}",train_only,fs_balanced,0.5171428571428571,0.6325806451612903,0.6369472067264936,0.8357320099255583,0.8474654377880184,"[[754, 331], [0, 930]]"
extra_trees,"{""class_weight"": {""0"": 1.0, ""1"": 1.0}, ""min_samples_leaf"": 1, ""max_features"": ""sqrt"", ""n_estimators"": 700}",train_plus_feature_selection,default,,1.0,1.0,0.8148883374689826,0.8275729646697388,"[[719, 366], [7, 923]]"
extra_trees,"{""class_weight"": {""0"": 1.0, ""1"": 1.0}, ""min_samples_leaf"": 1, ""max_features"": ""sqrt"", ""n_estimators"": 700}",train_plus_feature_selection,fs_accuracy,0.4750000000003638,1.0,1.0,0.798014888337469,0.8122887864823348,"[[680, 405], [2, 928]]"
extra_trees,"{""class_weight"": {""0"": 1.0, ""1"": 1.0}, ""min_samples_leaf"": 1, ""max_features"": ""sqrt"", ""n_estimators"": 700}",train_plus_feature_selection,fs_balanced,0.4750000000003638,1.0,1.0,0.798014888337469,0.8122887864823348,"[[680, 405], [2, 928]]"
extra_trees,"{""class_weight"": {""0"": 1.0, ""1"": 1.0}, ""min_samples_leaf"": 3, ""max_features"": ""sqrt"", ""n_estimators"": 700}",train_only,default,,0.6303225806451613,0.6356859891664646,0.822332506203474,0.8350230414746544,"[[727, 358], [0, 930]]"
extra_trees,"{""class_weight"": {""0"": 1.0, ""1"": 1.0}, ""min_samples_leaf"": 3, ""max_features"": ""sqrt"", ""n_estimators"": 700}",train_only,fs_accuracy,0.5368903911564628,0.6348387096774194,0.63793354353626,0.8486352357320099,0.8592933947772657,"[[782, 303], [2, 928]]"
extra_trees,"{""class_weight"": {""0"": 1.0, ""1"": 1.0}, ""min_samples_leaf"": 3, ""max_features"": ""sqrt"", ""n_estimators"": 700}",train_only,fs_balanced,0.527866156462585,0.6345161290322581,0.6381114075511358,0.8451612903225807,0.8561443932411674,"[[774, 311], [1, 929]]"
extra_trees,"{""class_weight"": {""0"": 1.0, ""1"": 1.0}, ""min_samples_leaf"": 3, ""max_features"": ""sqrt"", ""n_estimators"": 700}",train_plus_feature_selection,default,,1.0,1.0,0.8133995037220844,0.8263440860215054,"[[714, 371], [5, 925]]"
extra_trees,"{""class_weight"": {""0"": 1.0, ""1"": 1.0}, ""min_samples_leaf"": 3, ""max_features"": ""sqrt"", ""n_estimators"": 700}",train_plus_feature_selection,fs_accuracy,0.5008758658010843,1.0,1.0,0.8138957816377171,0.8267281105990784,"[[716, 369], [6, 924]]"
extra_trees,"{""class_weight"": {""0"": 1.0, ""1"": 1.0}, ""min_samples_leaf"": 3, ""max_features"": ""sqrt"", ""n_estimators"": 700}",train_plus_feature_selection,fs_balanced,0.5008758658010843,1.0,1.0,0.8138957816377171,0.8267281105990784,"[[716, 369], [6, 924]]"
extra_trees,"{""class_weight"": {""0"": 1.0, ""1"": 1.0}, ""min_samples_leaf"": 6, ""max_features"": ""sqrt"", ""n_estimators"": 700}",train_only,default,,0.6280645161290322,0.6335192820761582,0.8253101736972704,0.8377880184331797,"[[733, 352], [0, 930]]"
extra_trees,"{""class_weight"": {""0"": 1.0, ""1"": 1.0}, ""min_samples_leaf"": 6, ""max_features"": ""sqrt"", ""n_estimators"": 700}",train_only,fs_accuracy,0.6190690698104517,0.6320967741935484,0.6299215781388956,0.8729528535980149,0.87926267281106,"[[865, 220], [36, 894]]"
extra_trees,"{""class_weight"": {""0"": 1.0, ""1"": 1.0}, ""min_samples_leaf"": 6, ""max_features"": ""sqrt"", ""n_estimators"": 700}",train_only,fs_balanced,0.52291650207927,0.6312903225806452,0.6353787695044062,0.8387096774193549,0.8502304147465438,"[[760, 325], [0, 930]]"
extra_trees,"{""class_weight"": {""0"": 1.0, ""1"": 1.0}, ""min_samples_leaf"": 6, ""max_features"": ""sqrt"", ""n_estimators"": 700}",train_plus_feature_selection,default,,1.0,1.0,0.8163771712158809,0.8293394777265745,"[[717, 368], [2, 928]]"
extra_trees,"{""class_weight"": {""0"": 1.0, ""1"": 1.0}, ""min_samples_leaf"": 6, ""max_features"": ""sqrt"", ""n_estimators"": 700}",train_plus_feature_selection,fs_accuracy,0.5208719971701917,1.0,1.0,0.8267990074441688,0.8387096774193548,"[[742, 343], [6, 924]]"
extra_trees,"{""class_weight"": {""0"": 1.0, ""1"": 1.0}, ""min_samples_leaf"": 6, ""max_features"": ""sqrt"", ""n_estimators"": 700}",train_plus_feature_selection,fs_balanced,0.5208719971701917,1.0,1.0,0.8267990074441688,0.8387096774193548,"[[742, 343], [6, 924]]"
extra_trees,"{""class_weight"": {""0"": 1.4, ""1"": 1.0}, ""min_samples_leaf"": 1, ""max_features"": ""sqrt"", ""n_estimators"": 700}",train_only,default,,0.625,0.6307138814778883,0.8119106699751861,0.8253456221198157,"[[706, 379], [0, 930]]"
extra_trees,"{""class_weight"": {""0"": 1.4, ""1"": 1.0}, ""min_samples_leaf"": 1, ""max_features"": ""sqrt"", ""n_estimators"": 700}",train_only,fs_accuracy,0.5528571428571428,0.6358064516129033,0.63845096612499,0.8451612903225807,0.855837173579109,"[[778, 307], [5, 925]]"
extra_trees,"{""class_weight"": {""0"": 1.4, ""1"": 1.0}, ""min_samples_leaf"": 1, ""max_features"": ""sqrt"", ""n_estimators"": 700}",train_only,fs_balanced,0.5528571428571428,0.6358064516129033,0.63845096612499,0.8451612903225807,0.855837173579109,"[[778, 307], [5, 925]]"
extra_trees,"{""class_weight"": {""0"": 1.4, ""1"": 1.0}, ""min_samples_leaf"": 1, ""max_features"": ""sqrt"", ""n_estimators"": 700}",train_plus_feature_selection,default,,1.0,1.0,0.8054590570719603,0.8188172043010753,"[[700, 385], [7, 923]]"
extra_trees,"{""class_weight"": {""0"": 1.4, ""1"": 1.0}, ""min_samples_leaf"": 1, ""max_features"": ""sqrt"", ""n_estimators"": 700}",train_plus_feature_selection,fs_accuracy,0.4750000000003638,1.0,1.0,0.7925558312655087,0.8072964669738862,"[[668, 417], [1, 929]]"
extra_trees,"{""class_weight"": {""0"": 1.4, ""1"": 1.0}, ""min_samples_leaf"": 1, ""max_features"": ""sqrt"", ""n_estimators"": 700}",train_plus_feature_selection,fs_balanced,0.4750000000003638,1.0,1.0,0.7925558312655087,0.8072964669738862,"[[668, 417], [1, 929]]"
extra_trees,"{""class_weight"": {""0"": 1.4, ""1"": 1.0}, ""min_samples_leaf"": 3, ""max_features"": ""sqrt"", ""n_estimators"": 700}",train_only,default,,0.6298387096774194,0.6341094672164281,0.8332506203473945,0.8451612903225807,"[[749, 336], [0, 930]]"
extra_trees,"{""class_weight"": {""0"": 1.4, ""1"": 1.0}, ""min_samples_leaf"": 3, ""max_features"": ""sqrt"", ""n_estimators"": 700}",train_only,fs_accuracy,0.5244729299484284,0.6353225806451613,0.6381680006467783,0.8451612903225807,0.8562211981566821,"[[773, 312], [0, 930]]"
extra_trees,"{""class_weight"": {""0"": 1.4, ""1"": 1.0}, ""min_samples_leaf"": 3, ""max_features"": ""sqrt"", ""n_estimators"": 700}",train_only,fs_balanced,0.5244729299484284,0.6353225806451613,0.6381680006467783,0.8451612903225807,0.8562211981566821,"[[773, 312], [0, 930]]"
extra_trees,"{""class_weight"": {""0"": 1.4, ""1"": 1.0}, ""min_samples_leaf"": 3, ""max_features"": ""sqrt"", ""n_estimators"": 700}",train_plus_feature_selection,default,,1.0,1.0,0.8218362282878412,0.8338709677419355,"[[735, 350], [9, 921]]"
extra_trees,"{""class_weight"": {""0"": 1.4, ""1"": 1.0}, ""min_samples_leaf"": 3, ""max_features"": ""sqrt"", ""n_estimators"": 700}",train_plus_feature_selection,fs_accuracy,0.46773286923543955,1.0,1.0,0.8119106699751861,0.8251152073732719,"[[709, 376], [3, 927]]"
extra_trees,"{""class_weight"": {""0"": 1.4, ""1"": 1.0}, ""min_samples_leaf"": 3, ""max_features"": ""sqrt"", ""n_estimators"": 700}",train_plus_feature_selection,fs_balanced,0.46773286923543955,1.0,1.0,0.8119106699751861,0.8251152073732719,"[[709, 376], [3, 927]]"
extra_trees,"{""class_weight"": {""0"": 1.4, ""1"": 1.0}, ""min_samples_leaf"": 6, ""max_features"": ""sqrt"", ""n_estimators"": 700}",train_only,default,,0.6312903225806452,0.6348936858274719,0.8421836228287841,0.8534562211981567,"[[767, 318], [0, 930]]"
extra_trees,"{""class_weight"": {""0"": 1.4, ""1"": 1.0}, ""min_samples_leaf"": 6, ""max_features"": ""sqrt"", ""n_estimators"": 700}",train_only,fs_accuracy,0.5045168996197678,0.6314516129032258,0.6347885843641361,0.8446650124069479,0.8557603686635944,"[[772, 313], [0, 930]]"
extra_trees,"{""class_weight"": {""0"": 1.4, ""1"": 1.0}, ""min_samples_leaf"": 6, ""max_features"": ""sqrt"", ""n_estimators"": 700}",train_only,fs_balanced,0.49513603244606286,0.6311290322580645,0.6349664483790121,0.8401985111662531,0.8516129032258064,"[[763, 322], [0, 930]]"
extra_trees,"{""class_weight"": {""0"": 1.4, ""1"": 1.0}, ""min_samples_leaf"": 6, ""max_features"": ""sqrt"", ""n_estimators"": 700}",train_plus_feature_selection,default,,1.0,1.0,0.8337468982630273,0.8446236559139785,"[[763, 322], [13, 917]]"
extra_trees,"{""class_weight"": {""0"": 1.4, ""1"": 1.0}, ""min_samples_leaf"": 6, ""max_features"": ""sqrt"", ""n_estimators"": 700}",train_plus_feature_selection,fs_accuracy,0.46784774190986006,1.0,1.0,0.818362282878412,0.8310291858678955,"[[723, 362], [4, 926]]"
extra_trees,"{""class_weight"": {""0"": 1.4, ""1"": 1.0}, ""min_samples_leaf"": 6, ""max_features"": ""sqrt"", ""n_estimators"": 700}",train_plus_feature_selection,fs_balanced,0.46784774190986006,1.0,1.0,0.818362282878412,0.8310291858678955,"[[723, 362], [4, 926]]"
extra_trees,"{""class_weight"": {""0"": 1.8, ""1"": 1.0}, ""min_samples_leaf"": 1, ""max_features"": ""sqrt"", ""n_estimators"": 700}",train_only,default,,0.6240322580645161,0.6301964588891584,0.8069478908188585,0.8207373271889401,"[[696, 389], [0, 930]]"
extra_trees,"{""class_weight"": {""0"": 1.8, ""1"": 1.0}, ""min_samples_leaf"": 1, ""max_features"": ""sqrt"", ""n_estimators"": 700}",train_only,fs_accuracy,0.5485714285714286,0.6345161290322581,0.6376263238742017,0.8431761786600497,0.8542242703533026,"[[771, 314], [2, 928]]"
extra_trees,"{""class_weight"": {""0"": 1.8, ""1"": 1.0}, ""min_samples_leaf"": 1, ""max_features"": ""sqrt"", ""n_estimators"": 700}",train_only,fs_balanced,0.5485714285714286,0.6345161290322581,0.6376263238742017,0.8431761786600497,0.8542242703533026,"[[771, 314], [2, 928]]"
extra_trees,"{""class_weight"": {""0"": 1.8, ""1"": 1.0}, ""min_samples_leaf"": 1, ""max_features"": ""sqrt"", ""n_estimators"": 700}",train_plus_feature_selection,default,,1.0,1.0,0.8019851116625311,0.8158218125960062,"[[690, 395], [4, 926]]"
extra_trees,"{""class_weight"": {""0"": 1.8, ""1"": 1.0}, ""min_samples_leaf"": 1, ""max_features"": ""sqrt"", ""n_estimators"": 700}",train_plus_feature_selection,fs_accuracy,0.4750000000003638,1.0,1.0,0.7836228287841192,0.7990015360983103,"[[650, 435], [1, 929]]"
extra_trees,"{""class_weight"": {""0"": 1.8, ""1"": 1.0}, ""min_samples_leaf"": 1, ""max_features"": ""sqrt"", ""n_estimators"": 700}",train_plus_feature_selection,fs_balanced,0.4750000000003638,1.0,1.0,0.7836228287841192,0.7990015360983103,"[[650, 435], [1, 929]]"
extra_trees,"{""class_weight"": {""0"": 1.8, ""1"": 1.0}, ""min_samples_leaf"": 3, ""max_features"": ""sqrt"", ""n_estimators"": 700}",train_only,default,,0.6346774193548387,0.6384105424852453,0.8401985111662531,0.8516129032258064,"[[763, 322], [0, 930]]"
extra_trees,"{""class_weight"": {""0"": 1.8, ""1"": 1.0}, ""min_samples_leaf"": 3, ""max_features"": ""sqrt"", ""n_estimators"": 700}",train_only,fs_accuracy,0.49249951267595615,0.6348387096774194,0.6389360498019242,0.8342431761786601,0.8460829493087558,"[[751, 334], [0, 930]]"
extra_trees,"{""class_weight"": {""0"": 1.8, ""1"": 1.0}, ""min_samples_leaf"": 3, ""max_features"": ""sqrt"", ""n_estimators"": 700}",train_only,fs_balanced,0.49249951267595615,0.6348387096774194,0.6389360498019242,0.8342431761786601,0.8460829493087558,"[[751, 334], [0, 930]]"
extra_trees,"{""class_weight"": {""0"": 1.8, ""1"": 1.0}, ""min_samples_leaf"": 3, ""max_features"": ""sqrt"", ""n_estimators"": 700}",train_plus_feature_selection,default,,1.0,1.0,0.8267990074441688,0.8378648233486943,"[[753, 332], [17, 913]]"
extra_trees,"{""class_weight"": {""0"": 1.8, ""1"": 1.0}, ""min_samples_leaf"": 3, ""max_features"": ""sqrt"", ""n_estimators"": 700}",train_plus_feature_selection,fs_accuracy,0.44197588011769035,1.0,1.0,0.7885856079404466,0.8034562211981566,"[[662, 423], [3, 927]]"
extra_trees,"{""class_weight"": {""0"": 1.8, ""1"": 1.0}, ""min_samples_leaf"": 3, ""max_features"": ""sqrt"", ""n_estimators"": 700}",train_plus_feature_selection,fs_balanced,0.44197588011769035,1.0,1.0,0.7885856079404466,0.8034562211981566,"[[662, 423], [3, 927]]"
extra_trees,"{""class_weight"": {""0"": 1.8, ""1"": 1.0}, ""min_samples_leaf"": 6, ""max_features"": ""sqrt"", ""n_estimators"": 700}",train_only,default,,0.6314516129032258,0.6334788584364136,0.8555831265508684,0.8658986175115208,"[[794, 291], [0, 930]]"
extra_trees,"{""class_weight"": {""0"": 1.8, ""1"": 1.0}, ""min_samples_leaf"": 6, ""max_features"": ""sqrt"", ""n_estimators"": 700}",train_only,fs_accuracy,0.4815290720783161,0.6370967741935484,0.6401972673619533,0.8436724565756824,0.8548387096774194,"[[770, 315], [0, 930]]"
extra_trees,"{""class_weight"": {""0"": 1.8, ""1"": 1.0}, ""min_samples_leaf"": 6, ""max_features"": ""sqrt"", ""n_estimators"": 700}",train_only,fs_balanced,0.4774044303288883,0.6369354838709678,0.6402861993693912,0.8406947890818859,0.8520737327188941,"[[764, 321], [0, 930]]"
extra_trees,"{""class_weight"": {""0"": 1.8, ""1"": 1.0}, ""min_samples_leaf"": 6, ""max_features"": ""sqrt"", ""n_estimators"": 700}",train_plus_feature_selection,default,,1.0,1.0,0.8456575682382134,0.8549923195084486,"[[796, 289], [22, 908]]"
extra_trees,"{""class_weight"": {""0"": 1.8, ""1"": 1.0}, ""min_samples_leaf"": 6, ""max_features"": ""sqrt"", ""n_estimators"": 700}",train_plus_feature_selection,fs_accuracy,0.43265809248858533,1.0,1.0,0.8059553349875931,0.8195084485407066,"[[698, 387], [4, 926]]"
extra_trees,"{""class_weight"": {""0"": 1.8, ""1"": 1.0}, ""min_samples_leaf"": 6, ""max_features"": ""sqrt"", ""n_estimators"": 700}",train_plus_feature_selection,fs_balanced,0.43265809248858533,1.0,1.0,0.8059553349875931,0.8195084485407066,"[[698, 387], [4, 926]]"
random_forest,"{""class_weight"": ""balanced"", ""min_samples_leaf"": 1, ""max_features"": ""sqrt"", ""n_estimators"": 500}",train_only,default,,0.6216129032258064,0.6270191608052389,0.8253101736972704,0.8367895545314901,"[[746, 339], [13, 917]]"
random_forest,"{""class_weight"": ""balanced"", ""min_samples_leaf"": 1, ""max_features"": ""sqrt"", ""n_estimators"": 500}",train_only,fs_accuracy,0.566,0.6282258064516129,0.6293394777265745,0.8456575682382134,0.853225806451613,"[[819, 266], [45, 885]]"
random_forest,"{""class_weight"": ""balanced"", ""min_samples_leaf"": 1, ""max_features"": ""sqrt"", ""n_estimators"": 500}",train_only,fs_balanced,0.54,0.6279032258064516,0.6308108982132752,0.8446650124069479,0.8536866359447004,"[[799, 286], [27, 903]]"
random_forest,"{""class_weight"": ""balanced"", ""min_samples_leaf"": 1, ""max_features"": ""sqrt"", ""n_estimators"": 500}",train_plus_feature_selection,default,,1.0,1.0,0.8114143920595533,0.8229646697388633,"[[730, 355], [25, 905]]"
random_forest,"{""class_weight"": ""balanced"", ""min_samples_leaf"": 1, ""max_features"": ""sqrt"", ""n_estimators"": 500}",train_plus_feature_selection,fs_accuracy,0.5050000000002183,1.0,1.0,0.8124069478908189,0.8236559139784946,"[[735, 350], [28, 902]]"
random_forest,"{""class_weight"": ""balanced"", ""min_samples_leaf"": 1, ""max_features"": ""sqrt"", ""n_estimators"": 500}",train_plus_feature_selection,fs_balanced,0.5050000000002183,1.0,1.0,0.8124069478908189,0.8236559139784946,"[[735, 350], [28, 902]]"
random_forest,"{""class_weight"": {""0"": 1.0, ""1"": 0.45}, ""min_samples_leaf"": 1, ""max_features"": ""sqrt"", ""n_estimators"": 500}",train_only,default,,0.6212903225806452,0.6288139704098957,0.7995037220843673,0.8137480798771122,"[[682, 403], [1, 929]]"
random_forest,"{""class_weight"": {""0"": 1.0, ""1"": 0.45}, ""min_samples_leaf"": 1, ""max_features"": ""sqrt"", ""n_estimators"": 500}",train_only,fs_accuracy,0.5810799999999999,0.6437096774193548,0.6460748645808068,0.8446650124069479,0.854531490015361,"[[788, 297], [16, 914]]"
random_forest,"{""class_weight"": {""0"": 1.0, ""1"": 0.45}, ""min_samples_leaf"": 1, ""max_features"": ""sqrt"", ""n_estimators"": 500}",train_only,fs_balanced,0.576,0.6433870967741936,0.6460748645808069,0.8441687344913151,0.8544546850998465,"[[782, 303], [11, 919]]"
random_forest,"{""class_weight"": {""0"": 1.0, ""1"": 0.45}, ""min_samples_leaf"": 1, ""max_features"": ""sqrt"", ""n_estimators"": 500}",train_plus_feature_selection,default,,1.0,1.0,0.7900744416873449,0.803763440860215,"[[679, 406], [17, 913]]"
random_forest,"{""class_weight"": {""0"": 1.0, ""1"": 0.45}, ""min_samples_leaf"": 1, ""max_features"": ""sqrt"", ""n_estimators"": 500}",train_plus_feature_selection,fs_accuracy,0.48815000000021613,1.0,1.0,0.7816377171215881,0.7960061443932411,"[[661, 424], [16, 914]]"
random_forest,"{""class_weight"": {""0"": 1.0, ""1"": 0.45}, ""min_samples_leaf"": 1, ""max_features"": ""sqrt"", ""n_estimators"": 500}",train_plus_feature_selection,fs_balanced,0.48815000000021613,1.0,1.0,0.7816377171215881,0.7960061443932411,"[[661, 424], [16, 914]]"
random_forest,"{""class_weight"": {""0"": 1.0, ""1"": 0.6}, ""min_samples_leaf"": 1, ""max_features"": ""sqrt"", ""n_estimators"": 500}",train_only,default,,0.6225806451612903,0.6294445791899103,0.8114143920595533,0.8245007680491552,"[[710, 375], [5, 925]]"
random_forest,"{""class_weight"": {""0"": 1.0, ""1"": 0.6}, ""min_samples_leaf"": 1, ""max_features"": ""sqrt"", ""n_estimators"": 500}",train_only,fs_accuracy,0.582,0.6388709677419355,0.6406095884873474,0.8471464019851117,0.8550691244239631,"[[816, 269], [39, 891]]"
random_forest,"{""class_weight"": {""0"": 1.0, ""1"": 0.6}, ""min_samples_leaf"": 1, ""max_features"": ""sqrt"", ""n_estimators"": 500}",train_only,fs_balanced,0.582,0.6388709677419355,0.6406095884873474,0.8471464019851117,0.8550691244239631,"[[816, 269], [39, 891]]"
random_forest,"{""class_weight"": {""0"": 1.0, ""1"": 0.6}, ""min_samples_leaf"": 1, ""max_features"": ""sqrt"", ""n_estimators"": 500}",train_plus_feature_selection,default,,1.0,1.0,0.8004962779156327,0.8134408602150538,"[[700, 385], [17, 913]]"
random_forest,"{""class_weight"": {""0"": 1.0, ""1"": 0.6}, ""min_samples_leaf"": 1, ""max_features"": ""sqrt"", ""n_estimators"": 500}",train_plus_feature_selection,fs_accuracy,0.4887500000002074,1.0,1.0,0.7930521091811414,0.8066820276497696,"[[683, 402], [15, 915]]"
random_forest,"{""class_weight"": {""0"": 1.0, ""1"": 0.6}, ""min_samples_leaf"": 1, ""max_features"": ""sqrt"", ""n_estimators"": 500}",train_plus_feature_selection,fs_balanced,0.4887500000002074,1.0,1.0,0.7930521091811414,0.8066820276497696,"[[683, 402], [15, 915]]"
random_forest,"{""class_weight"": {""0"": 1.0, ""1"": 0.8}, ""min_samples_leaf"": 1, ""max_features"": ""sqrt"", ""n_estimators"": 500}",train_only,default,,0.6267741935483871,0.632775487104859,0.8198511166253102,0.8319508448540707,"[[732, 353], [10, 920]]"
random_forest,"{""class_weight"": {""0"": 1.0, ""1"": 0.8}, ""min_samples_leaf"": 1, ""max_features"": ""sqrt"", ""n_estimators"": 500}",train_only,fs_accuracy,0.542,0.6375806451612903,0.6410299943406904,0.8337468982630273,0.8436251920122888,"[[776, 309], [26, 904]]"
random_forest,"{""class_weight"": {""0"": 1.0, ""1"": 0.8}, ""min_samples_leaf"": 1, ""max_features"": ""sqrt"", ""n_estimators"": 500}",train_only,fs_balanced,0.542,0.6375806451612903,0.6410299943406904,0.8337468982630273,0.8436251920122888,"[[776, 309], [26, 904]]"
